{"cameraMode":{"drawMode":0,"name":"Shaded","section":"Shading Mode"},"sceneLighting":true,"audioPlay":false,"sceneViewState":{"showFog":false,"showMaterialUpdate":false,"showSkybox":false,"showFlares":false,"showImageEffects":false,"showParticleSystems":false},"in2DMode":false,"pivot":{"x":-2.187546730041504,"y":-2.211306571960449,"z":2.854022979736328},"rotation":{"x":-0.436529278755188,"y":-0.01565680280327797,"z":0.007595479022711515,"w":-0.8995265364646912},"size":8.074707984924317,"orthographic":false}