{"cameraMode":{"drawMode":0,"name":"Shaded","section":"Shading Mode"},"sceneLighting":false,"audioPlay":false,"sceneViewState":{"showFog":false,"showMaterialUpdate":false,"showSkybox":false,"showFlares":false,"showImageEffects":false,"showParticleSystems":false},"in2DMode":false,"pivot":{"x":0.0,"y":1.399999976158142,"z":0.40000003576278689},"rotation":{"x":-0.08473595976829529,"y":0.8838360905647278,"z":-0.17622821033000947,"w":-0.4249798059463501},"size":2.0660290718078615,"orthographic":false}