{"cameraMode":{"drawMode":0,"name":"Shaded","section":"Shading Mode"},"sceneLighting":false,"audioPlay":false,"sceneViewState":{"showFog":false,"showMaterialUpdate":false,"showSkybox":false,"showFlares":false,"showImageEffects":false,"showParticleSystems":false},"in2DMode":false,"pivot":{"x":-0.2847502827644348,"y":-0.20313918590545655,"z":-0.705643892288208},"rotation":{"x":-0.01312528271228075,"y":0.9748724699020386,"z":-0.2142254263162613,"w":-0.059736087918281558},"size":2.0411784648895265,"orthographic":false}