{"cameraMode":{"drawMode":0,"name":"Shaded","section":"Shading Mode"},"sceneLighting":true,"audioPlay":false,"sceneViewState":{"showFog":false,"showMaterialUpdate":false,"showSkybox":false,"showFlares":false,"showImageEffects":false,"showParticleSystems":false},"in2DMode":false,"pivot":{"x":17.91483497619629,"y":0.8819789886474609,"z":0.7104540467262268},"rotation":{"x":-0.19470568001270295,"y":-0.6556822657585144,"z":0.18062342703342439,"w":-0.7067919969558716},"size":2.223175048828125,"orthographic":false}