{"cameraMode":{"drawMode":0,"name":"Shaded","section":"Shading Mode"},"sceneLighting":false,"audioPlay":false,"sceneViewState":{"showFog":true,"showMaterialUpdate":false,"showSkybox":false,"showFlares":true,"showImageEffects":true,"showParticleSystems":true},"in2DMode":false,"pivot":{"x":0.08525989949703217,"y":0.5063809156417847,"z":0.04225766658782959},"rotation":{"x":0.0025898946914821865,"y":0.98790043592453,"z":-0.1541699469089508,"w":0.016599459573626519},"size":1.0428720712661744,"orthographic":false}